chain,name,city,address,phone,lat,lon
ניצת הדובדבן,ניצת הדובדבן אבן יהודה,אבן יהודה,המייסדים 67,,32.26947,34.886662
ניצת הדובדבן,ניצת הדובדבן אור עקיבא,אור עקיבא,"שדרות הנשיא וייצמן, אור עקיבא",,32.502545,34.919671
ניצת הדובדבן,ניצת הדובדבן אילתסניף משלוחים,אילת,"המוצר 17, אילת",,29.567388,34.958789
ניצת הדובדבן,ניצת הדובדבן אפרת,אפרת,"זית שמן 2, אפרת",,31.66879,35.163696
ניצת הדובדבן,ניצת הדובדבן אריאל,אריאל,"הבנאי 6, אריאל",,32.100717,35.170192
ניצת הדובדבן,ניצת הדובדבן אשדוד,אשדוד,"האורגים 2, אשדוד",,31.810363,34.662205
ניצת הדובדבן,ניצת הדובדבן אשקלון,אשקלון,"פאוור סנטר, צומת, כפר סילבר",,31.674801,34.606021
ניצת הדובדבן,ניצת הדובדבן באר שבע - מתחם ביג,באר שבע,"מרכז ביג, באר שבע",,31.2427,34.814117
ניצת הדובדבן,ניצת הדובדבן באר שבע - מתחם מול 7סניף משלוחים,באר שבע,"מרכז ביג, באר שבע",,31.2427,34.814117
ניצת הדובדבן,ניצת הדובדבן בית שמש,בית שמש,"שדרות יגאל אלון 24, בית שמש, 9906223",,31.754442,34.992761
ניצת הדובדבן,"ניצת הדובדבן בית""רסניף משלוחים","בית""ר עילית","הרן 14 בתוך מתחם שמחת משה כיכר העיר, ביתר העילית",,31.704222,35.117825
ניצת הדובדבן,ניצת הדובדבן בנימינה,בנימינה,"השריג 2, בנימינה",,32.517607,34.940273
ניצת הדובדבן,ניצת הדובדבן גבעתייםסניף משלוחים,גבעתיים,"סירקין 2, גבעתיים",,32.076272,34.814471
ניצת הדובדבן,ניצת הדובדבן גבעתיים - כורזין,גבעתיים,"כורזין 5, גבעתיים",,32.060199,34.815829
ניצת הדובדבן,ניצת הדובדבן גוש עציוןסניף משלוחים,אלון שבות,אלון שבות,,31.654871,35.125256
ניצת הדובדבן,ניצת הדובדבן הוד,הוד השרון,"סוקולוב 13, הוד השרון",,32.162793,34.902362
ניצת הדובדבן,ניצת הדובדבן הרצליה,הרצליה,שדרות בן גורין 22 הרצליה,,32.167684,34.830828
ניצת הדובדבן,ניצת הדובדבן זיכרון יעקב,זיכרון יעקב,"אזור תעשייה מערבי, כביש 4, זכרון יעקב",,32.56924,34.933385
ניצת הדובדבן,ניצת הדובדבן חדרה,חדרה,"שכטמן 10, חדרה",,32.441724,34.895061
ניצת הדובדבן,ניצת הדובדבן חולון,חולון,הפלד 7 חולון,,32.015999,34.785956
ניצת הדובדבן,ניצת הדובדבן חיפה - חורבסניף משלוחים,חיפה,"חורב 14, חיפה",,32.7853,34.985779
ניצת הדובדבן,ניצת הדובדבן חיפה - נווה שאנן,חיפה,"קומויי 7, חיפה",,32.781848,35.023553
ניצת הדובדבן,ניצת הדובדבן טבריהגליל תחתון,טבריה,הגליל 7 טבריה,,32.795,35.531
ניצת הדובדבן,ניצת הדובדבן יבנהסניף משלוחים,יבנה,"עוזי חיטמן 1, מרכז מסחרי נאות שמיר",,31.8628,34.7265
ניצת הדובדבן,ניצת הדובדבן יהוד,יהוד,"אלטלף 4, יהוד מונוסון",,32.026033,34.900968
ניצת הדובדבן,ניצת הדובדבן יקנעםגליל תחתון,יקנעם,דרך רבין 9 ביג יקנעם,,32.642678,35.092749
ניצת הדובדבן,ניצת הדובדבן ירושלים - אגריפס,ירושלים,"שוק מחנה יהודה, אגריפס 99, ירושלים, 9430250",,31.783878,35.212728
ניצת הדובדבן,ניצת הדובדבן ירושלים - כנפי נשרים,ירושלים,"כנפי נשרים 22, גבעת שאול ירושלים",,31.787832,35.189206
ניצת הדובדבן,ניצת הדובדבן ירושלים - ניות,ירושלים,"שדרות הרב הרצוג 61, ניות, ירושלים",,31.771888,35.203387
ניצת הדובדבן,ניצת הדובדבן ירושלים - תלפיות,ירושלים,"האומן 17, ירושלים",,31.751102,35.215387
ניצת הדובדבן,ניצת הדובדבן כפר סבא,כפר סבא,אנגל 78 דמארי סנטר כפר סבא,,32.198126,34.890585
ניצת הדובדבן,ניצת הדובדבן כפר סבא ביו מרקט,כפר סבא,"עתיר ידע 1, כפר סבא",,32.166517,34.928248
ניצת הדובדבן,ניצת הדובדבן כרכור,כרכור,המייסדים 22 כרכור,,32.484,34.978
ניצת הדובדבן,ניצת הדובדבן כרמיאל,כרמיאל,"היוצרים 7, כרמיאל",,32.923453,35.307501
ניצת הדובדבן,ניצת הדובדבן מבשרת ציון,מבשרת ציון,"שד' החוצבים 20, מבשרת ציון",,31.790487,35.142428
ניצת הדובדבן,ניצת הדובדבן מודיעין,מודיעין,"שדרות המלאכות 5, מודיעין מכבים רעות",,31.889147,34.966241
ניצת הדובדבן,ניצת הדובדבן נהריהגליל תחתוןסניף משלוחים,נהריה,"וייצמן 70, נהריה, 2242004",,33.005756,35.092276
ניצת הדובדבן,ניצת הדובדבן נתניה סמילנסקי,נתניה,סמילנסקי 4 נתניה,,32.329,34.857
ניצת הדובדבן,ניצת הדובדבן נתניה פיאנו,נתניה,"מרכז מסחרי לב יהלום, פנחס בלקני 27, נתניה, 42301",,32.312614,34.873947
ניצת הדובדבן,ניצת הדובדבן נתניה פנחס בלקני,נתניה,פנחס בלקני 23 נתניה,,32.312654,34.873935
ניצת הדובדבן,ניצת הדובדבן עפולה,עפולה,חנקין 16 עפולה,,32.609926,35.287206
ניצת הדובדבן,ניצת הדובדבן פרדס חנה,פרדס חנה,תדהר 2 ביג פרדס חנה,,32.488133,34.97085
ניצת הדובדבן,ניצת הדובדבן פתח תקווה - יכין,פתח תקווה,"שחם 17 יכין סנטר,פתח תקווה",,32.087982,34.860249
ניצת הדובדבן,ניצת הדובדבן פתח תקווה - סגולה,פתח תקווה,"גליס 30, צומת סגולה, פתח תקווה",,32.111889,34.901032
ניצת הדובדבן,ניצת הדובדבן קדימה,קדימה צורן,"המעלית 2, קדימה צורן",,32.274943,34.919684
ניצת הדובדבן,ניצת הדובדבן קסטינה,קסטינה,"מרכז ביג קסטינה, קרית מלאכי",,31.727037,34.754942
ניצת הדובדבן,ניצת הדובדבן קריית אונו,קרית אונו,"ירמיהו 25, קרית אונו, 5551825",,32.056794,34.866328
ניצת הדובדבן,ניצת הדובדבן קריית אתא,קרית אתא,"הסולל 10 ביג קריות , קרית אתא",,32.811895,35.071818
ניצת הדובדבן,ניצת הדובדבן קריית גת (כרמי גת),קרית גת,"שדרות לכיש 153, קרית גת",,31.629263,34.772638
ניצת הדובדבן,ניצת הדובדבן קריית טבעון,קרית טבעון,"כיכר בן גוריון 1, קרית טבעון",,32.722752,35.130716
ניצת הדובדבן,ניצת הדובדבן קריית מוצקין,קרית מוצקין,"שדרות ירושלים 1, קרית מוצקין",,32.858684,35.092045
ניצת הדובדבן,ניצת הדובדבן קריית שמונהרמת הגולן וגליל עליון,קרית שמונה,אזור תעשיה דרומי קרית שמונה,,33.207,35.571
ניצת הדובדבן,ניצת הדובדבן ראש פינהרמת הגולן וגליל עליון,ראש פינה,מעלה גיא אוני 1 ראש פינה,,32.962,35.545
ניצת הדובדבן,ניצת הדובדבן ראשון לציון,ראשון לציון,"תרמ""ב 32 ראשון לציון",,31.975218,34.795513
ניצת הדובדבן,ניצת הדובדבן ראשון לציון - מערב,ראשון לציון,"Main Building, Lehi St 4, Rishon LeZion",,31.987483,34.765966
ניצת הדובדבן,ניצת הדובדבן רגבהגליל תחתוןסניף משלוחים,רגבה,"רגבה, 22804 כביש, רגבה",,32.974554,35.094859
ניצת הדובדבן,ניצת הדובדבן רחובות,רחובות,מוטי קינד 10,,31.894272,34.790157
ניצת הדובדבן,ניצת הדובדבן רחובות - יעקב 3,רחובות,"יעקב 3, רחובות",,31.896,34.811
ניצת הדובדבן,ניצת הדובדבן רמת גן,רמת גן,ביאליק 46,,32.076257,34.814495
ניצת הדובדבן,ניצת הדובדבן רמת ישי,רמת ישי,"אקליפטוס 4, רמת ישי",,32.707109,35.174145
ניצת הדובדבן,ניצת הדובדבן רעננה - צפון,רעננה,"אוסטרובסקי 39, רעננה",,32.17778,34.871086
ניצת הדובדבן,ניצת הדובדבן שוהם,שוהם,"שדרות עמק איילון 30, שוהם",,31.999058,34.947155
ניצת הדובדבן,ניצת הדובדבן תל אביב - אבן גבירול,תל אביב,אבן גבירול 58,,32.081816,34.780583
ניצת הדובדבן,ניצת הדובדבן תל אביב - בוגרשוב,תל אביב,בוגרשוב 40,,32.076129,34.770864
ניצת הדובדבן,ניצת הדובדבן תל אביב - ברודצקי,תל אביב,"ברודצקי 15, רמת אביב",,32.106595,34.797375
ניצת הדובדבן,ניצת הדובדבן תל אביב - דיזינגוף,תל אביב,"דיזנגוף 226, תל אביב-יפו",,32.08906,34.775628
ניצת הדובדבן,ניצת הדובדבן תל אביב - החשמונאים,תל אביב,החשמונאים 115,,32.069344,34.782505
ניצת הדובדבן,ניצת הדובדבן תל אביב - טופ דן,תל אביב,"פנחס רוזן 72, צפון תל אביב",,32.114692,34.826066
ניצת הדובדבן,ניצת הדובדבן תל אביב - יהודה המכבי,תל אביב,יהודה המכבי 79,,32.094197,34.792701
ניצת הדובדבן,ניצת הדובדבן תל אביב - מרכז שוסטר,תל אביב,"מספרת דניאל כהן, אבא אחימאיר 17, תל אביב-יפו, 6949203",,32.125153,34.801727
ניצת הדובדבן,ניצת הדובדבן תל אביב - מתחם שרונה מרקט,תל אביב,"אלוף קלמן מגן 3, תל אביב-יפו",,32.071291,34.787171
ניצת הדובדבן,ניצת הדובדבן תל אביב - פלורנטין,תל אביב,הרצל 104,,32.055788,34.770736
ניצת הדובדבן,ניצת הדובדבן תל אביב - שוק הכרמל,תל אביב,הכרמל 30,,32.067518,34.767351
ניצת הדובדבן,ניצת הדובדבן תל מונד,תל מונד,"דרך בני דרור 8, אזור תעשייה תל מונד",,32.262,34.921
שילב,שילב בית שאן,בית שאן,"העמל 100, בית שאן",,32.511053,35.500762
שילב,שילב מתחם שופינה,ראש פינה,ראש פינה,,32.969019,35.542859
שילב,שילב בית שאן,בית שאן,"העמל 100, בית שאן",,32.511053,35.500762
שילב,שילב ראש העין,ראש העין,"יגאל אלון 22, ראש העין",,32.086083,34.979878
שילב,שילב רהט,רהט,מתחם seven,,31.392,34.754
שילב,שילב עפולה,עפולה,"שדרות יצחק רבין 18, עפולה",,32.619309,35.313014
שילב,שילב לוד,לוד,עודפים - איירפורט סיטי כינרת 1 קרית שדה התעופה,,31.99083,34.91464
שילב,שילב אילת,אילת,"מרכז ביג, הסתת 20, אילת",,29.566628,34.959159
שילב,שילב גן שמואל,גן שמואל,"מרכז מסחרי, גן שמואל",,32.447956,34.953293
שילב,שילב גדרה,גדרה,"ביג גדרה, גדרה",,31.797528,34.767588
שילב,שילב גבעתיים,גבעתיים,"יצחק רבין 53, גבעתיים",,32.066486,34.810205
שילב,שילב רמת השרון,רמת השרון,"כביש 2, Ramat Hasharon",,32.148375,34.803917
שילב,שילב חולון,חולון,גולדה מאיר 7,,32.015999,34.785956
שילב,שילב קרית גת,קרית גת,"לכיש 153, קרית גת",,31.629263,34.772638
שילב,שילב כרמיאל,כרמיאל,מעלה כמון 9,,32.926868,35.325877
שילב,שילב נס ציונה,נס ציונה,"האירוסים 53, נס ציונה",,31.930046,34.798329
שילב,שילב קרית אתא,קרית אתא,"הסולל 10 ביג קריות , קרית אתא",,32.811895,35.071818
שילב,שילב קרית ביאליק,קרית ביאליק,"דרך עכו חיפה 192, קריית ביאליק",,32.842217,35.091329
שילב,שילב קרית שמונה,קרית שמונה,מרכז ביג קרית שמונה,,33.19239,35.570343
שילב,שילב קרית אונו,קרית אונו,שלמה המלך 37,,32.0556714,34.8633904
שילב,שילב מעלות,מעלות,"אזור תעשיה קורן, צים סנטר",,33.015,35.271
שילב,שילב מבשרת ציון,מבשרת ציון,"שדרות החוצבים 10, מבשרת ציון",,31.796651,35.14648
שילב,שילב מודיעין,מודיעין,"ערער 17, מודיעין",,31.900951,35.006779
שילב,שילב נצרת,נצרת,"מתחם דודג' סנטר, דרך העמק 41",,32.694473,35.303918
שילב,שילב נתיבות,נתיבות,בעלי המלאכה 203,,31.4188962,34.5985065
שילב,שילב אור עקיבא,אור עקיבא,"ביג אור עקיבא, שדרות הנשיא וייצמן, אור עקיבא",,32.502545,34.919671
שילב,שילב רמת ישי,רמת ישי,האקליפטוס 3,,32.706919,35.172572
שילב,שילב רמלה,רמלה,שדרות דוד רזיאל 1,,31.925688,34.863969
שילב,שילב רחובות,רחובות,מוטי קינד 10,,31.8933656,34.8071829
שילב,שילב בני ברק,בני ברק,"הירקון 4, בניין אלייד",,32.095158,34.822671
שילב,שילב דיר אל אסד,דיר אל אסד,מתחם דבאח,,32.933314,35.273731
שילב,שילב יהוד,יהוד,"מתחם ביג, אלטלף 4, קומה 2, יהוד מונוסון",,32.025846,34.901359
שילב,שילב בת ים,בת ים,יוספטל 92,,32.015265,34.7560961
שילב,שילב בית שמש,בית שמש,"שדרות יגאל אלון 6, בית שמש, ישראל",,31.756835,34.987764
שילב,שילב חדרה,חדרה,דן שכטמן 10,,32.441347,34.894771
שילב,שילב באר יעקב קניון,באר יעקב,"שא נס 17, באר יעקב",,31.941776,34.8337
שילב,שילב באר יעקב אסף הרופא,באר יעקב,"ביה""ח שמיר (אסף הרופא), צריפין",,31.966053,34.839418
שילב,שילב אשדוד אסותא,אשדוד,"הרפואה 7, אשדוד",,31.779751,34.656961
שילב,שילב אשדוד ביג,אשדוד,"ביג פאשן, דרך הרכבת 1, אשדוד",,31.776826,34.663756
שילב,שילב פתח תקווה אבנת,פתח תקווה,"ז'בוטינסקי 72, פתח תקווה",,32.093022,34.865521
שילב,שילב פתח תקווה בילינסון,פתח תקווה,"בי""ח חולים בלינסון בניין נשים, רחוב זאב ז'בוטינסקי 39, פתח תקווה",,32.092763,34.864902
שילב,שילב פתח תקווה גלובל,פתח תקווה,מגדלי גלובל,,32.0912753,34.8629535
שילב,שילב פתח תקווה שפיגל,פתח תקווה,שפיגל זוסיה 3 קניון ככר העיר,,32.088176,34.887934
שילב,שילב כפר סבא קניון ערים,כפר סבא,"ויצמן 83, כפר סבא",,32.176209,34.905319
שילב,שילב כפר סבא קניון G,כפר סבא,"ויצמן 207, כפר סבא",,32.170317,34.92668
שילב,שילב כפר סבא מאיר,כפר סבא,"טשרניחובסקי 59, כפר סבא",,32.180704,34.897132
שילב,שילב חיפה עזריאלי,חיפה,"קניון עזריאלי, דרך משה פלימן 4, חיפה",,32.789601,34.965066
שילב,שילב חיפה גרנד קניון,חיפה,"שמחה גולן 54, חיפה",,32.789769,35.008007
שילב,"שילב חיפה רמב""ם",חיפה,בית חולים רמבם,,32.832938,34.985757
שילב,שילב חיפה חוצות המפרץ,חיפה,"החרושת 9000, חיפה",,32.808261,35.053301
שילב,שילב אשקלון גלובוס,אשקלון,גלובוס סנטר מתחם גלובוס סנטר,,31.627488,34.58251
שילב,שילב באר שבע ביג,באר שבע,"מתחם ביג, דרך חברון 21",,31.242417,34.811588
שילב,שילב באר שבע גרנד קניון,באר שבע,"קניון גרנד, שדרות דוד טוביהו 125",,31.2502982,34.7718042
שילב,שילב באר שבע קרית הממשלה,באר שבע,"התקווה 4, באר שבע",,31.245407,34.799445
שילב,שילב ירושלים הדסה,ירושלים,בית חולים הדסה עין כרם,,31.76515,35.149631
שילב,שילב ירושלים מלחה,ירושלים,"דרך אגודת ספורט 1, ירושלים",,31.802496,35.18767
שילב,שילב נהריה ביג,נהריה,"מתחם ביג רגבה, נהריה",,32.974554,35.094859
שילב,"שילב נהריה בי""ח",נהריה,"דרך גיבורי ישראל 1, נהריה",,33.008233,35.117046
שילב,שילב נתניה עיר ימים,נתניה,בני ברמן 2,,32.2789052,34.8469328
שילב,שילב נתניה פולג,נתניה,גיבורי ישראל 5,,32.274915,34.859273
שילב,שילב תל אביב עזריאלי,תל אביב,"מגדלי עזריאלי, דרך מנחם בגין 132, תל אביב-יפו, 6701101",,32.074077,34.792203
שילב,שילב תל אביב דיזנגוף,תל אביב,דיזנגוף 226,,32.08906,34.775628
שילב,שילב תל אביב גן העיר,תל אביב,אבן גבירול 71,,32.082287,34.780151
שילב,שילב תל אביב רמת אביב,תל אביב,איינשטיין 40,,32.1121687,34.795753
שילב,שילב תל אביב איכילוב,תל אביב,"וייצמן 14, תל אביב",,32.087,34.78
מכבי פארם,מכבי קריית טבעון,קרית טבעון,הרימונים,,32.716518,35.121988
מכבי פארם,מכבי פארם יבנה גיבורי החיל,יבנה,גיבורי החיל 1,,31.877,34.744
מכבי פארם,מכבי פארם רחובות,רחובות,"אחד העם 7, רחובות",,31.896978,34.811727
מכבי פארם,מכבי פארם הרצליה,הרצליה,סוקולוב 17,,32.167277,34.840101
מכבי פארם,מכבי פארם ראשון לציון מזרח,ראשון לציון,"רוטשילד 15, ראשון לציון",,31.963923,34.805232
מכבי פארם,מכבי פארם כפר סבא הירוקה,כפר סבא,"ויצמן 83, כפר סבא, 4421455",,32.176209,34.905319
מכבי פארם,מכבי פארם יקנעם,יקנעם,שדרות יצחק רבין 9,,32.642909,35.09292
מכבי פארם,מכבי פארם קרית אונו,קרית אונו,שלמה המלך 40,,32.060042,34.854253
מכבי פארם,מכבי פארם נהריה,נהריה,"הרצל 78, נהריה",,33.003799,35.09536
מכבי פארם,מכבי ראש העין פסגות אפק,ראש העין,דרך הציונות 17,,32.096,34.958
מכבי פארם,מכבי פארם ראש העין הציונות,ראש העין,"הרברט סימון 8, ראש העין, ישראל",,32.085541,34.964749
מכבי פארם,מכבי פארם אשדוד רובע ד',אשדוד,"השייטים 12, אשדוד",,31.799548,34.641207
מכבי פארם,מכבי פארם סי מול אשדוד,אשדוד,"הגדוד עברי 6, אשדוד",,31.793021,34.638949
מכבי פארם,מכבי פארם מודיעין,מודיעין,"תלתן 8, מודיעין",,31.905689,35.007319
מכבי פארם,מכבי רמת השרון,רמת השרון,"הנצח 3, רמת השרון",,32.138537,34.843933
מכבי פארם,מכבי פארם רמלה,רמלה,"דני מס 16, רמלה",,31.928443,34.865468
מכבי פארם,מכבי פארם פסגת אונו,קרית אונו,יצחק רבין 30,,32.059,34.861
מכבי פארם,מכבי פארם באר שבע מרכז,באר שבע,"התקוה 4, באר שבע",,31.245407,34.799445
מכבי פארם,מכבי פארם מ.פ. ק.יובל ירושלים,ירושלים,"הנרייטה סולד 3, ירושלים",,31.761653,35.171275
מכבי פארם,מכבי פארם גבעת מרדכי ירושלים,ירושלים,"שח""ל 79, ירושלים",,31.766198,35.19404
מכבי פארם,מכבי פארם נס ציונה,נס ציונה,"נורדאו 31, נס ציונה",,31.927514,34.802881
מכבי פארם,מכבי פארם לוד,לוד,"שפירא משה חיים 31, לוד",,31.951014,34.888075
מכבי פארם,מכבי פארם אשקלון ברנע,אשקלון,"אדמונד דה רוטשילד 9, אשקלון",,31.687563,34.579001
מכבי פארם,מכבי גבעתיים,גבעתיים,"כצנלסון 2, גבעתיים",,32.075194,34.802228
מכבי פארם,מכבי פארם נתניה דרום,נתניה,לבון פנחס 18,,32.283313,34.85368
מכבי פארם,מכבי פארם כרמיאל,כרמיאל,מורד הגיא 100,,32.911065,35.293617
מכבי פארם,מכבי פארם זכרון יעקב,זכרון יעקב,"הרצל 48, זכרון יעקב",,32.574715,34.952493
מכבי פארם,מכבי פארם חדרה,חדרה,הילל יפה 13,,32.43616,34.91643
מכבי פארם,מכבי פארם נצרת נוף הגליל,נוף הגליל,"שדרות מעלה יצחק, נוף הגליל",,32.715463,35.337052
מכבי פארם,מכבי פארם הוד השרון הבנים,הוד השרון,הבנים 14,,32.155722,34.893798
מכבי פארם,מכבי פארם ירושלים רמות,ירושלים,"גולדה מאיר 255, ירושלים",,31.797475,35.217682
מכבי פארם,מכבי פארם פתח תקווה שפיגל,פתח תקווה,"אלעזר פרידמן, פתח תקווה",,32.080075,34.901987
מכבי פארם,מכבי פארם נתניה מרכז,נתניה,שדרות בנימין 21,,32.325263,34.857376
מכבי פארם,מכבי פארם הוד השרון סוקולוב,הוד השרון,סוקולוב 12,,32.162734,34.902692
מכבי פארם,מכבי פארם ראשון לציון נחלת,ראשון לציון,"העצמאות 21, ראשון לציון",,31.97743,34.799538
מכבי פארם,מכבי פארם אום אל פחם,אום אל פחם,"אלדהר 13, אום אל פחם",,32.532246,35.15617
מכבי פארם,מכבי פארם נתיבות,נתיבות,"שד' ירושלים 18, נתיבות",,31.421719,34.571924
מכבי פארם,מכבי פארם בית שמש-ישעיהו,בית שמש,"ישעיהו הנביא 4, בית שמש",,31.703214,34.989903
מכבי פארם,מכבי פארם תל אביב- התקומה,תל אביב,"התקומה 36, תל אביב-יפו",,32.052259,34.759967
מכבי פארם,מכבי פארם אשקלון הסיטי,אשקלון,"הגבורה 1, אשקלון",,31.665334,34.563302
מכבי פארם,מכבי פארם ערד,ערד,"שמעון 18, ערד",,31.260792,35.211475
מכבי פארם,מכבי פארם אור יהודה,אור יהודה,"בר לב 10, אור יהודה",,32.031016,34.857277
מכבי פארם,מכבי פארם באר יעקב,באר יעקב,"שא נס 17, באר יעקב",,31.941776,34.8337
מכבי פארם,מכבי פארם ראשון לציון מערב,ראשון לציון,"השירה העיברית 10, ראשון לציון",,31.977654,34.76959
מכבי פארם,מכבי פארם ת״א השלום,תל אביב,"יגאל אלון 96, תל אביב",,32.069056,34.794139
מכבי פארם,מכבי פארם טירה,טירה,"המוביל 20, טירה",,32.230552,34.944049
מכבי פארם,מכבי פארם עכו,עכו,דרך הארבעה 41,,32.926,35.082
מכבי פארם,מכבי פארם קריית מוצקין,קרית מוצקין,"שדרות משה גושן 3, קרית מוצקין",,32.824044,35.078021
מכבי פארם,מכבי פארם חיפה-הדר,חיפה,"הרצל 73, חיפה",,32.806828,35.002398
מכבי פארם,מכבי פארם עפולה קהילת ציון,עפולה,"קהילת ציון 3, עפולה",,32.607261,35.292078
מכבי פארם,מכבי פארם מגדל העמק,מגדל העמק,"יוסף 13, מגדל העמק",,32.714494,35.228969
מכבי פארם,מכבי פארם חריש,חריש,"דרך ארץ 35, חריש",,32.463008,35.043481
מכבי פארם,מכבי פארם נצרת,נוף הגליל,"קדושת אהרון 1, נוף הגליל",,32.729236,35.347647
מכבי פארם,מכבי פארם גני ראשון ראשל״צ,ראשון לציון,"שרירא 3, ראשון לציון",,31.966568,34.823212
מכבי פארם,מכבי פארם ירושלים אגריפס,ירושלים,"אגריפס 40, ירושלים",,31.783585,35.214721
מכבי פארם,מכבי פארם ירושלים ארנונה,ירושלים,"דרך חברון 101, ירושלים",,31.755595,35.222247
מכבי פארם,מכבי פארם חולון נאות שושנים,חולון,"גאולים 43, חולון",,32.013964,34.783913
מכבי פארם,מכבי פארם קריית אתא,קרית אתא,העצמאות 65,,32.807024,35.10403
מכבי פארם,מכבי פארם יד אליהו,תל אביב,"לה גארדיה 76, תל אביב",,32.058894,34.80096
מכבי פארם,מכבי פארם תל אביב בלפור,תל אביב,"בלפור 10, תל אביב",,32.067914,34.772735
מכבי פארם,מכבי פארם תל אביב השלה,תל אביב,"השל""ה 7, תל אביב",,32.090628,34.779143
מכבי פארם,מכבי פארם תל אביב רמת אביב,תל אביב,"אבא אחימאיר 15, תל אביב",,32.125053,34.801537
מכבי פארם,מכבי פארם רמת גן,רמת גן,"ביאליק 14, רמת גן",,32.080008,34.815153
מכבי פארם,מכבי פארם בני ברק עקיבא,בני ברק,רבי עקיבא 86,,32.084,34.834
מכבי פארם,מכבי פארם בני ברק קהנמן,בני ברק,"כהנמן 64, בני ברק",,32.082097,34.840954
מכבי פארם,מכבי פארם אלעד,אלעד,"ניסים גאון 1, אלעד",,32.052487,34.951237
מכבי פארם,מכבי פארם גני תקווה,גני תקווה,"דרך האגמים 9, גני תקווה",,32.062778,34.870941
מכבי פארם,מכבי פארם פתח תקווה דרך בגין,פתח תקווה,"חיה פיינשטיין 11, פתח תקווה",,32.100168,34.884529
מכבי פארם,מכבי פארם רעננה אחוזה,רעננה,אחוזה 124,,32.177289,34.887958
מכבי פארם,מכבי פארם כפר סבא רוטשילד,כפר סבא,רוטשילד 56,,32.175,34.906
מכבי פארם,מכבי פארם נתניה לניאדו,נתניה,"דברי חיים 16, נתניה, 4244916",,32.345488,34.855896
מכבי פארם,מכבי פארם חיפה חורב,חיפה,חורב 12,,32.785531,34.985616
מכבי פארם,מכבי פארם חיפה ילגה,חיפה,"שלום עליכם 3, חיפה, 3271118",,32.782959,35.015362
מכבי פארם,מכבי פארם קריית מוצקין גושן,קרית מוצקין,"בן גוריון 80א, קרית מוצקין",,32.840101,35.081348
מכבי פארם,מכבי פארם טבריה,טבריה,אילת 1,,32.789204,35.53875
מכבי פארם,מכבי פארם בית שאן,בית שאן,"שאול המלך 61, בית שאן, 1173674",,32.500423,35.496126
מכבי פארם,מכבי פארם צפת,צפת,"ירושלים 72, צפת",,32.967029,35.494299
מכבי פארם,מכבי פארם נשר,נשר,דרך השלום 16,,32.773,35.042
מכבי פארם,מכבי פארם קדימה,קדימה,האופה 1,,32.271,34.914
מכבי פארם,מכבי פארם מודיעין עילית,מודיעין עילית,"אבני נזר 46, מודיעין עילית",,31.930495,35.038803
מכבי פארם,מכבי פארם מבשרת ציון,מבשרת ציון,שדרות החשון 3,,31.802556,35.145468
מכבי פארם,מכבי פארם אריאל,אריאל,"הערבה 1, אריאל",,32.104616,35.187404
מכבי פארם,מכבי פארם קרית גת,קרית גת,"שד' העצמאות 64, קרית גת",,31.609364,34.768486
מכבי פארם,מכבי פארם אופקים,אופקים,"שדרות הרצל 36, אופקים",,31.315602,34.620678
מכבי פארם,מכבי פארם באר שבע קרית הממשלה,באר שבע,"יצחק בן צבי 10, באר שבע",,31.243329,34.799169
מכבי פארם,מכבי פארם דימונה,דימונה,"יגאל אלון 1, דימונה",,31.063811,35.032443
מכבי פארם,מכבי פארם אילת,אילת,"שד' אילות 17, אילת",,29.560047,34.951419
פרטי,כפר ורדים,כפר ורדים,כפר ורדים,,33.0009441,35.2546657
פרטי,קסם הטבע,כרמיאל,החרושת 13,,32.9218188,35.3051635
פרטי,נובו פארם,דיר אל אסד,מתחם דאבח,,32.93445,35.268394
פרטי,טבע בעיר,נהריה,הרצל 68,,33.0083097,35.0966702
פרטי,בית מרקחת בריאות שלומי,שלומי,מרכז מסחרי שלומי,,33.070,35.148
פרטי,טיב טעם חוצות במפרץ,קריות,"מתחם חוצות המפרץ, החרושת 10, חיפה",,32.807358,35.054812
פרטי,דרך הטבע,קרית מוצקין,דבורה 14,,32.8228908,35.0780496
פרטי,בית בריא,קרית ביאליק,קרן היסוד 22,,32.8304337,35.0851866
פרטי,חנות טבע שורשים,חיפה,שדרות הנשיא 134,,32.803239,34.985802
פרטי,בית מרקחת טשרנחובסקי,חיפה,"טשרניחובסקי 35, חיפה",,32.819896,34.974331
פרטי,בית מרקחת נווה שאנן,חיפה,התיכון 37,,32.7910211,35.0156439
פרטי,קסם הטבע,חיפה,"שדרות מוריה 58, חיפה",,32.796208,34.983967
פרטי,בית מרקחת לב הכרמל,חיפה,"שדרות הנשיא 133, חיפה",,32.803109,34.986697
פרטי,גרין פארם,יגור,מתחם חוצות יגור,,32.741532,35.076826
פרטי,בית מרקחת ליף ראש פינה,ראש פינה,מעלה גיא אוני 1,,32.9691438,35.5480414
פרטי,האגוזיה,שדמות דבורה,שדמות דבורה,,32.696245,35.43641
פרטי,בית מרקחת ישי,עפולה,הרב נחום לוין 9,,32.6099521,35.2877606
פרטי,קול הטבע,רמת ישי,צפצפה 2,,32.7063874,35.1754046
פרטי,בית מרקחת אווניו,מנשיה זבדיה,"המלאכה, מנשיה זבדה",,32.702601,35.191066
פרטי,בית מרקחת זיכרון פארם,זכרון יעקב,השמורה 2,,32.5657016,34.9430142
פרטי,בית מרקחת קלאב שלי,בנימינה,"השריג 2, בנימינה",,32.517607,34.940273
פרטי,בית מרקחת גרין,גבעת עדה,"הרותם גבעת עדה 18, בנימינה גבעת עדה",,32.517632,35.005851
פרטי,טיב טעם קיסריה,קיסריה,דולב 14 קיסריה,,32.5144233,34.9033612
פרטי,קיסר פארם,קיסריה,הרקיע 1,,32.4872338,34.9100663
פרטי,אדונית התבלינים,פרדס חנה,החרובים 7,,32.477025,34.971257
פרטי,"ד""ר קיי פארם",חדרה,"הרברט סמואל 37, חדרה",,32.437835,34.915075
פרטי,דרור לטבע,נתניה,הרצל 27,,32.3286608,34.8574414
פרטי,מכולת אורגנית,תנובות,הצופים,,32.3049156,34.9608151
פרטי,בייבי קואלה,תל יצחק,חומה ומגדל 3,,32.253468,34.871369
פרטי,בית מרקחת גבעול,הרצליה,חבצלת השרון 36,,32.1799548,34.8046644
פרטי,טבע קסטל,הרצליה,מנופים 5,,32.160764,34.807827
פרטי,טיס טעם הרצליה,הרצליה,"בן גורין 58 פינת בר, כוכבא הרצליה",,32.165,34.843
פרטי,טבע מכל העולם,הרצליה,בן גוריון 2,,32.165,34.843
פרטי,הילה טבע,הרצליה,"סוקולוב 40, הרצליה",,32.16704,34.844726
פרטי,טבע כל,רמת השרון,אוסישקין 18,,32.1469589,34.845381
פרטי,אחוזת הטבע,רעננה,"אחוזה 148, רעננה",,32.1825932,34.8655222
פרטי,בית מרקחת כנרת,כפר סבא,ויצמן 169,,32.1746487,34.9123102
פרטי,הכל דבש,כפר סבא,ויצמן 47 כפר סבא,,32.1773229,34.9008919
פרטי,בית מרקחת סילביה,כפר סבא,ויצמן 169,,32.172876,34.9185361
פרטי,שקדיה,הוד השרון,הבנים 14,,32.1560471,34.8914935
פרטי,בית מרקחת מגדיאל,הוד השרון,דרך מגדיאל 54,,32.1591983,34.901456
פרטי,אמא אדמה,אורנית,"חנה רובינא 1, ראש העין",,32.0837,34.982485
פרטי,בית מרקחת מדיקה ראש העין,ראש העין,דרך הציונות 17,,32.0976522,34.9452383
פרטי,לב אפק בית מרקחת,ראש העין,"ברקן 1, ראש העין",,32.093517,34.973657
פרטי,אביב של טבע,צור יצחק,"מרכז מסחרי זילברמינץ, צור יצחק, 4580800",,32.240025,35.001321
פרטי,טבעי לי,פתח תקווה,ההסתדרות 3,,32.085956,34.8826867
פרטי,בית מרקחת פארם Efg,פתח תקווה,לוחמי הגטו 6,,32.082961,34.8756787
פרטי,בית מרקת עין גנים,פתח תקווה,בית מרקחת עין גנים,,32.084,34.887
פרטי,מרכז הטבע והיופי,קרית אתא,"העצמאות 70, קרית אתא",,32.807226,35.104523
פרטי,טיב טעם סביון,סביון,"השדרה האקדמית 4 בקעת אונו, צומת סביון",,32.035899,34.86504
פרטי,טיב טעם רמת החייל,תל אביב,רמת החייל,,32.1155735,34.8366472
פרטי,מנת טבע אדטו בעמ,תל אביב,"הדר יוסף 10, תל אביב",,32.109707,34.818234
פרטי,ענק הטבע,בני ברק,"חזון איש 23, בני ברק",,32.084,34.834
פרטי,זמרת הארץ,בני ברק,ירושלים 14 בני ברק,,32.0860844,34.8299318
פרטי,טוב לי טבע,בני ברק,הרב אברהם יצחק הכהן קוק 3,,32.084,34.834
פרטי,בית מרקחת פינצ'י,רמת גן,חיבת ציון 43,,32.0793048,34.8249541
פרטי,בית מרקחת רמת חן,רמת גן,אלוף דוד 40,,32.0541144,34.8139111
פרטי,שקדיה,רמת גן,שדרות ירושלים 48,,32.0889174,34.8121859
פרטי,טבע גבעתיים,גבעתיים,סירקין 18,,32.0778768,34.8153757
פרטי,שקדיה,גבעתיים,כצנלסון 56,,32.0750838,34.8081918
פרטי,יש לי בוטן,גבעתיים,כורזים 2,,32.071,34.812
פרטי,בית מרקחת אזורי חן,תל אביב,"69379, Uri Tsvi Grinberg St 25, Tel Aviv-Yafo",,32.130737,34.792485
פרטי,ניצת אבן גבירול,תל אביב,אבן גבירול 58,,32.078902,34.781566
פרטי,טיב טעם גן העיר,תל אביב,אבן גבירול 71,,32.0825576,34.7808703
פרטי,טבע קסל דיזינגוף,תל אביב,דיזינגוף 101,,32.0908154,34.7758683
פרטי,בית מרקחת מרזוק,תל אביב,מזרוק אנד עזר 7 תל אביב,,32.055301,34.757625
פרטי,Naked Market,תל אביב,בורוכוב 1,,32.072381,34.774489
פרטי,בית מרקחת אופיר,תל אביב,"נחלת בנימין 22, תל אביב",,32.06643,34.770238
פרטי,טעם טבע של גיל,תל אביב,"רמב""ם 4, תל אביב",,32.068092,34.768571
פרטי,מרכז שורשים,תל אביב,בן יהודה,,32.077186,34.768087
פרטי,ינסון -יהודה מרגוזה,תל אביב,יהודה מרגוזה 28,,32.051429,34.754338
פרטי,בית טבע נירולי,תל אביב,"לילנבלום 3, תל אביב",,32.061908,34.767362
פרטי,מכולת טבע,תל אביב,פלורנטין 36,,32.056214,34.770695
פרטי,בית טבע ינסון,יפו,שדרות ירושלים 57 יפו,,32.04992,34.759104
פרטי,בית מרקחת בריאות נאווה,חולון,אליהו קרוז 46 חולון,,32.011,34.779
פרטי,בית מרקחת תלתן בת ים,בת ים,"עפרה חזה 9, בת ים",,32.006729,34.739857
פרטי,אור פארם,אבו גוש,כביש השלון 74,,31.805,35.107
פרטי,ג'אנא פארם,מבשרת ציון,החוצבים 24,,31.7940277,35.1461155
פרטי,זמורה אורגני,ירושלים,אמציה 1,,31.761813,35.215125
פרטי,פניונס - חנות טבע ירושלמית,ירושלים,"ראובן 31, ירושלים",,31.7598396,35.2170753
פרטי,טבע קסטל ירושלים,ירושלים,מתחם התחנה,,31.7673537,35.2242002
פרטי,טבע מלחה,ירושלים,"אגודת ספורט ביתר 3 (קניון מלחה ק.קרקע), ירושלים",,31.753013,35.190253
פרטי,אניס,ירושלים,"הפלמ""ח 42, ירושלים",,31.766592,35.209048
פרטי,נית הדובדבן גוש הציון,גוש עציון,צומת גוש הציון,,31.646241,35.132098
פרטי,הסנה בית מרקחת,גוש עציון,צומת גוש עציון מרכז מסחרי,,31.646241,35.132098
פרטי,טבע מלאכי,ירושלים,מלאכי 144,,31.790056,35.216706
פרטי,טיב טעם ראשון לציון,ראשון לציון,דרך המכבים 62 צומת בית דגן,,31.984110,34.811771
פרטי,שא נס אור עקיבא,אור עקיבא,ביג אור עקיבא,,32.508,34.92
פרטי,טיב טעם רחובות,רחובות,אופנהיימר 3 רחובות,,31.909579,34.805417
פרטי,לאני פארם,רחובות,הרצל 201,,31.9012226,34.809103
פרטי,בר וטבע,יד בנימין,יד בנימין,,31.796685,34.82037
פרטי,טבע גדרה,גדרה,ויצמן 19,,31.816529,34.7805656
פרטי,טבע ובריאות אשדוד,אשדוד,"כיכר הסיטי, הקליטה 3",,31.8006566,34.6421682
פרטי,בית מרקחת היפר גרין פארם,אשדוד,כנרת 5 אשדוד,,31.785666,34.631901
פרטי,טיב טעם אשדוד,אשדוד,מתחם סטאר סנטר אשדוד,,31.809016,34.655505
פרטי,בית מרקחת הסנה מרפא,קרית גת,אסתר המלכה 11,,31.6362156,34.7716419
פרטי,ערד פארם,ערד,אלעזר בן יאיר 33,,31.2582333,35.2101621
פרטי,"בית מרקחת מיכלין בע""מ",אילת,מרכז רכטר,,29.558,34.952
פרטי,בראשית אילת,אילת,הסתת 20,,29.5665805,34.9598198
שילב,שילב שער ראשון,ראשון לציון,"קומת כניסה, קניון שער ראשון, גולדה מאיר 1, ראשון לציון",,31.967743,34.785228
שילב,שילב רננים,רעננה,"קניון רננים, המלאכה 2, רעננה",,32.197618,34.878108
שילב,שילב זכרון יעקב,זכרון יעקב,"מול זכרון אזור תעשיה מערבי, זכרון יעקב",,32.569282,34.933416
שילב,שילב דיזינגוף סנטר,תל אביב,"דיזנגוף 50, תל אביב-יפו",,32.075199,34.774752
שילב,שילב קניון הזהב,ראשון לציון,"קניון הזהב, דוד סחרוב 21, קומה 2, ראשון לציון",,31.990595,34.774252
שילב,שילב ראשון לציון מתחם G,ראשון לציון,"מתחם G, ילדי טהרן 7, ראשון לציון",,31.985165,34.767644
שילב,שילב קניון הראשונים,ראשון לציון,"שדרות נים, ראשון לציון",,31.949472,34.803896
שילב,שילב שבעת הכוכבים,הרצליה,"שדרות שבעת הכוכבים 8, הרצליה",,32.165278,34.823611
שילב,שילב שרונים,הוד השרון,"קניון שרונים, הרקון 2, הוד השרון",,32.132382,34.902468
שילב,שילב יוקנעם,יוקנעם,"מתחם G, התמר 2, יוקנעם עילית",,32.659666,35.105155
שילב,שילב בית חולים שערי צדק,ירושלים,"בית חולים שערי צדק, שְׁמוּאֵל (הנס) בַּייט 12, ירושלים",,31.773151,35.185158
שילב,שילב בית חולים ברזילי,אשקלון,"בית חולים ברזילי, ההסתדרות 2, אשקלון",,31.661969,34.55967
שילב,שילב אום אל פחם,אום אל פחם,"צומת, Umm al-Fahm",,32.5332,35.148631
מכבי פארם פסגת זאב ,ירושלים ,חיים תורן 45 ,מכבי פארם,,31.824235,35.237312
מכבי פארם,מכבי פארם תל אביב הדר יוסף,תל אביב,"קהילת סלוניקי 9, תל אביב",,32.113571,34.824648
מכבי פארם,מכבי פארם בת ים קדושי קהיר,בת ים,"קדושי קהיר 20, בת ים",,32.025568,34.746961
מכבי פארם,מכבי פארם חולון הופיין,חולון,"הופיין 13, חולון",,32.014335,34.766865
מכבי פארם,מכבי פארם חיפה נווה הדר,חיפה,"הנגב 12, חיפה",,32.802888,35.004767
מכבי פארם,מכבי פארם בת ים בלפור,בת ים,"בלפור 82, בת ים",,32.019691,34.745516
